<?xml version="1.0" encoding="UTF-8"?>
<beans xmlns="http://www.springframework.org/schema/beans"
	xmlns:xsi="http://www.w3.org/2001/XMLSchema-instance" xmlns:context="http://www.springframework.org/schema/context"
	xmlns:mvc="http://www.springframework.org/schema/mvc"
	xsi:schemaLocation="http://www.springframework.org/schema/beans 
	http://www.springframework.org/schema/beans/spring-beans.xsd
	http://www.springframework.org/schema/context
	http://www.springframework.org/schema/context/spring-context-3.2.xsd
	http://www.springframework.org/schema/mvc
	http://www.springframework.org/schema/mvc/spring-mvc-3.2.xsd">

	<!-- 注解扫描包 -->
	<context:component-scan base-package="com.bufoon.controller" />

	<!-- 开启注解 -->
	<mvc:annotation-driven />

	<!-- 静态资源的访问 -->
	<mvc:resources location="/plugins/" mapping="/plugins/**" />

	<!-- 返回JSON模版 -->
	<bean
		class="org.springframework.web.servlet.mvc.annotation.AnnotationMethodHandlerAdapter">
		<property name="messageConverters">
			<list>
				<bean
					class="org.springframework.http.converter.json.MappingJacksonHttpMessageConverter" />
			</list>
		</property>
	</bean>
	<!-- 注意：FreeMarker与SpringMVC集成时，其配置一定要放在SpringMVC的配置之前 -->
	<!-- 否则：在访问"/getUser"时服务器就会报告[HTTP Status 404 - /WEB-INF/jsp/myfree.jsp] -->
	<bean id="freemarkerConfig"
		class="org.springframework.web.servlet.view.freemarker.FreeMarkerConfigurer">
		<!-- 指定FreeMarker模板文件目录 -->
		<property name="templateLoaderPath" value="/WEB-INF/app/ftl/" />
		<!-- 编码设置 -->
		<property name="freemarkerSettings">
			<props>
				<prop key="defaultEncoding">UTF-8</prop>
			</props>
		</property>
	</bean>
	<bean id="freeMarkerViewResolver"
		class="org.springframework.web.servlet.view.freemarker.FreeMarkerViewResolver">
		<property name="prefix" value="" />
		<property name="suffix" value=".ftl" />
		<property name="contentType" value="text/html; charset=UTF-8" />
	</bean>

	<!-- 定义视图解析器 -->
	<bean id="viewResolver"
		class="org.springframework.web.servlet.view.InternalResourceViewResolver">
		<property name="prefix" value="/WEB-INF/app/"></property>
		<property name="suffix" value=".jsp"></property>
	</bean>
</beans>